PARLAMENTARIO_ID,NOMBRE_COMPLETO,VIGENTE,FECHA_NACIMIENTO,REDES_SOCIALES,SITIOS_WEB,CAMARA_ACTUAL,CAMARA,INICIO,FINAL,PARTIDO_POLITICO,UNIDAD_QUE_REPRESENTA
4611,Cristhian Moreira Barros,1,1961-09-05,,,C.Diputados,C. Diputados,2022,2026,Partido Unión Demócrata Independiente,13er Distrito
5209,Daniela Serrano Salazar,1,1995-03-17,,,C.Diputados,C. Diputados,2022,2026,Partido Comunista de Chile,12° Distrito
5194,Cristian Tapia Ramos,1,1968-07-14,,,C.Diputados,C. Diputados,2022,2026,,4° Distrito
5203,Cristian Araya Lerdo De Tejada,1,1988-09-30,,,C.Diputados,C. Diputados,2022,2026,Partido Republicano de Chile,11° Distrito
4647,Cristian Labbe Martinez,1,1980-03-06,,,C.Diputados,C. Diputados,2022,2026,Unión Demócrata Independiente,8º Distrito
5265,Cristobal Martinez Ramirez,1,1984-04-30,,,C.Diputados,C. Diputados,2022,2026,Partido Unión Demócrata Independiente,19° Distrito
4549,Cristobal Urruticoechea Rios,1,1975-11-21,,,C.Diputados,C. Diputados,2022,2026,,21er Distrito
4589,Luz Eliana Ebensperger Orrego,1,1964-03-08,,,Senado,Senado,2018,2026,Partido Unión Demócrata Independiente,2ª Circunscripción
4629,Raul Soto Mardones,1,1987-11-20,,,C.Diputados,C. Diputados,2022,2026,Partido Por la Democracia,15° Distrito
4576,Maite Orsini Pascal,1,1988-02-23,,,C.Diputados,C. Diputados,2022,2026,Partido Frente Amplio,9º Distrito
5216,Daniel Lilayu Vivanco,1,1949-03-02,,,C.Diputados,C. Diputados,2022,2026,Partido Unión Demócrata Independiente,25° Distrito
5201,Daniel Manouchehri Lobos,1,1984-05-25,,,C.Diputados,C. Diputados,2022,2026,Partido Socialista de Chile,5° Distrito
4537,Daniel Melo Contreras,1,1979-02-18,,,C.Diputados,C. Diputados,2022,2026,Partido Socialista de Chile,13er Distrito
4513,Daniel Nunez Arancibia,1,1971-01-07,,,Senado,Senado,2022,2030,Partido Comunista de Chile,5ª Circunscripción
5192,Jaime Araya Guerrero,1,1976-02-04,,,C.Diputados,C. Diputados,2022,2026,,3er Distrito
4585,Raul Leiva Carvajal,1,1974-03-24,,,C.Diputados,C. Diputados,2022,2026,Partido Socialista de Chile,14° Distrito
4510,Daniella Cicardini Milla,1,1987-12-31,,,C.Diputados,C. Diputados,2022,2026,Partido Socialista de Chile,4° Distrito
4562,Cosme Mellado Pino,1,1960-02-24,,,C.Diputados,C. Diputados,2022,2026,Partido Radical Socialdemócrata,16° Distrito
5186,Danisa Astudillo Peiretti,1,1975-05-03,,,C.Diputados,C. Diputados,2022,2026,Partido Socialista de Chile,2° Distrito
1646,David Sandoval Plaza,1,1952-10-20,,,Senado,Senado,2018,2026,Partido Unión Demócrata Independiente,14a Circunscripción
4551,Diego Ibanez Cotroneo,1,1989-01-25,,,C.Diputados,C. Diputados,2022,2026,Partido Frente Amplio,6º Distrito
4617,Diego Schalper Sepulveda,1,1985-03-14,,,C.Diputados,C. Diputados,2022,2026,Partido Renovación Nacional,15° Distrito
1713,Ivan Moreira Barros,1,1956-11-08,,,Senado,Senado,2022,2030,Partido Unión Demócrata Independiente,13ª Circunscripción
4530,Ivan Flores Garcia,1,1955-06-15,,,Senado,Senado,2022,2030,Partido Demócrata Cristiano,12ª Circunscripción
4521,Manuel Jose Ossandon Irarrazabal,1,1962-08-24,,,Senado,Senado,2022,2030,Partido Renovación Nacional,7ª Circunscripción
3494,Isabel Allende Bussi,1,1945-01-18,,,Senado,Senado,2018,2026,Partido Socialista de Chile,6ª Circunscripción
4591,Rafael Prohens Espinosa,1,1955-06-12,,,Senado,Senado,2018,2026,Partido Renovación Nacional,4ª Circunscripción
5251,Eduardo Cornejo Lagos,1,1972-01-12,,,C.Diputados,C. Diputados,2022,2026,Partido Unión Demócrata Independiente,16° Distrito
4598,Eduardo Duran Salinas,1,1972-01-01,,,C.Diputados,C. Diputados,2022,2026,Partido Renovación Nacional,13er Distrito
5212,Hector Ulloa Aguilera,1,1969-08-06,,,C.Diputados,C. Diputados,2022,2026,,26° Distrito
5246,Marcela Riquelme Aliaga,1,1973-03-04,,,C.Diputados,C. Diputados,2022,2026,Partido Frente Amplio,15° Distrito
4553,Emilia Nuyado Ancapichun,1,1968-08-17,,,C.Diputados,C. Diputados,2022,2026,Partido Socialista de Chile,25º Distrito
4540,Renzo Trisotti Martinez,1,1976-03-15,,,C.Diputados,C. Diputados,2022,2026,,2° Distrito
5268,Consuelo Veloso Avila,1,1994-02-11,,,C.Diputados,C. Diputados,2022,2026,,18° Distrito
5232,Ruben Dario Oyarzo Figueroa,1,1980-12-13,,,C.Diputados,C. Diputados,2022,2026,,8° Distrito
5206,Carolina Tello Rojas,1,1985-12-01,,,C.Diputados,C. Diputados,2022,2026,Partido Frente Amplio,5° Distrito
3069,Carlos Ignacio Kuschel Silva,1,1953-03-16,,,Senado,Senado,2022,2030,Partido Renovación Nacional,13ª Circunscripción
4572,Jorge Brito Hasbun,1,1990-01-12,,,C.Diputados,C. Diputados,2022,2026,Partido Frente Amplio,7º Distrito
187,Rojo Edwards Silva,1,1977-07-15,,,Senado,Senado,2022,2030,Partido Social Cristiano,7ª Circunscripción
4604,Jorge Alessandri Vergara,1,1979-06-08,,,C.Diputados,C. Diputados,2022,2026,Partido Unión Demócrata Independiente,10º Distrito
5228,Luis Fernando Sanchez Ossa,1,1988-10-04,,,C.Diputados,C. Diputados,2022,2026,Partido Republicano de Chile,7° Distrito
4633,Rodrigo Galilea Vial,1,1966-11-03,,,Senado,Senado,2018,2026,Partido Renovación Nacional,9ª Circunscripción
5271,Johannes Kaiser Barents-Von Hohenhagen,1,1976-01-05,,,C.Diputados,C. Diputados,2022,2026,,10° Distrito
4524,Joaquin Lavin Leon,1,1979-05-25,,,C.Diputados,C. Diputados,2022,2026,Unión Demócrata Independiente,8° Distrito
5252,Roberto Arroyo Munoz,1,1963-11-29,,,C.Diputados,C. Diputados,2022,2026,Partido Social Cristiano,20° Distrito
4593,Carmen Gloria Aravena Acuna,1,1967-01-06,,,Senado,Senado,2018,2026,Partido Republicano de Chile,11ª Circunscripción
4597,Carmen Hertz Cadiz,1,1945-06-19,,,C.Diputados,C. Diputados,2022,2026,Partido Comunista de Chile,8º Distrito
5185,Luis Malla Valenzuela,1,1992-05-16,,,C.Diputados,C. Diputados,2022,2026,Partido Liberal de Chile,1er Distrito
4565,Joanna Perez Olea,1,1976-04-01,,,C.Diputados,C. Diputados,2022,2026,,21er Distrito
4550,Carolina Marzan Pinto,1,1963-12-22,,,C.Diputados,C. Diputados,2022,2026,Partido Por la Democracia,6º Distrito
4561,Catalina Del Real Mihovilovic,1,1968-11-07,,,C.Diputados,C. Diputados,2022,2026,,11° Distrito
135,Rene Alinco Bustos,1,1958-06-02,,,C.Diputados,C. Diputados,2022,2026,,27° Distrito
4607,Catalina Perez Salinas,1,1990-12-18,,,C.Diputados,C. Diputados,2022,2026,Partido Frente Amplio,3er Distrito
5190,Javiera Morales Alvarado,1,1983-11-16,,,C.Diputados,C. Diputados,2022,2026,Partido Frente Amplio,28° Distrito
2281,Javier Macaya Danus,1,1979-11-11,,,Senado,Senado,2022,2030,Partido Unión Demócrata Independiente,8ª Circunscripción
5218,Chiara Barchiesi Chavez,1,1996-12-22,,,C.Diputados,C. Diputados,2022,2026,Partido Republicano de Chile,6° Distrito
5189,Christian Matheson Villan,1,1957-12-17,,,C.Diputados,C. Diputados,2022,2026,,28° Distrito
3099,Ricardo Lagos Weber,1,1962-02-21,,,Senado,Senado,2018,2026,Partido Por la Democracia,6ª Circunscripción
5239,Clara Sagardia Cabezas,1,1952-08-13,,,C.Diputados,C. Diputados,2022,2026,Partido Frente Amplio,21° Distrito
4548,Claudia Mix Jimenez,1,1969-07-13,,,C.Diputados,C. Diputados,2022,2026,Partido Frente Amplio,8º Distrito
5193,Claudia Pascual Grau,1,1972-12-14,,,Senado,Senado,2022,2030,Partido Comunista de Chile,7ª Circunscripción
5210,Jaime Saez Quiroz,1,1985-12-09,,,C.Diputados,C. Diputados,2022,2026,Partido Frente Amplio,26° Distrito
5200,Ricardo Cifuentes Lillo,1,1962-09-12,,,C.Diputados,C. Diputados,2022,2026,Partido Demócrata Cristiano,5° Distrito
1570,Jaime Quintana Leal,1,1967-10-22,,,Senado,Senado,2018,2026,Partido Por la Democracia,11ª Circunscripción
1978,Jaime Naranjo Ortiz,1,1951-01-12,,,C.Diputados,C. Diputados,2022,2026,Partido Socialista de Chile,18° Distrito
1782,Jaime Mulet Martinez,1,1963-08-03,,,C.Diputados,C. Diputados,2022,2026,Federación Regionalista Verde Social,4° Distrito
5266,Emilia Schneider Videla,1,1996-10-23,,,C.Diputados,C. Diputados,2022,2026,Partido Frente Amplio,10° Distrito
5215,Hector Barria Angulo,1,1980-04-24,,,C.Diputados,C. Diputados,2022,2026,Partido Demócrata Cristiano,25° Distrito
339,Pedro Araya Guerrero,1,1974-06-16,,,Senado,Senado,2022,2030,,Circunscripción N° 3
4563,Francisco Undurraga Gazitua,1,1965-09-29,,,C.Diputados,C. Diputados,2022,2026,Partido Evolución Política (Evópoli),Distrito N° 11
5243,Marta Gonzalez Olea,1,1980-10-23,,,C.Diputados,C. Diputados,2022,2026,,15° Distrito
5217,Nelson Venegas Salazar,1,1974-04-27,,,C.Diputados,C. Diputados,2022,2026,Partido Socialista de Chile,6° Distrito
685,Francisco Chahuan Chahuan,1,1971-05-20,,,Senado,Senado,2018,2026,Partido Renovación Nacional,6ª Circunscripción
5205,Nathalie Castillo Rojas,1,1983-07-02,,,C.Diputados,C. Diputados,2022,2026,Partido Comunista de Chile,5° Distrito
5241,Natalia Romero Talguia,1,1985-06-29,,,C.Diputados,C. Diputados,2022,2026,,15° Distrito
71,Francisco Huenchumilla Jaramillo,1,1944-03-22,,,Senado,Senado,2018,2026,Partido Demócrata Cristiano,11a Circunscripción
5202,Gonzalo De La Carrera Correa,1,1962-01-13,,,C.Diputados,C. Diputados,2022,2026,,11° Distrito
5208,Monica Arce Castro,1,1986-03-02,,,C.Diputados,C. Diputados,2022,2026,,12° Distrito
4602,Gonzalo Winter Etcheberry,1,1987-01-06,,,C.Diputados,C. Diputados,2022,2026,Partido Frente Amplio,10° Distrito
5247,Maria Candelaria Acevedo Saez,1,1958-09-12,,,C.Diputados,C. Diputados,2022,2026,Partido Comunista de Chile,20° Distrito
5263,Francisco Pulgar Castillo,1,1971-05-27,,,C.Diputados,C. Diputados,2022,2026,,17° Distrito
4610,Miguel Angel Calisto Aguila,1,1985-07-19,,,C.Diputados,C. Diputados,2022,2026,Partido Demócratas Chile,27º Distrito
5219,Maria Francisca Bello Campos,1,1987-09-17,,,C.Diputados,C. Diputados,2022,2026,Partido Frente Amplio,6° Distrito
4571,Miguel Mellado Suazo,1,1958-12-29,,,C.Diputados,C. Diputados,2022,2026,Partido Renovación Nacional,23° Distrito
5235,Gloria Naveillan Arriagada,1,1960-11-03,,,C.Diputados,C. Diputados,2022,2026,,22° Distrito
5204,Marcia Raphael Mora,1,1963-12-06,,,C.Diputados,C. Diputados,2022,2026,Partido Renovación Nacional,27° Distrito
3669,Frank Sauerbaum Munoz,1,1972-11-21,,,C.Diputados,C. Diputados,2022,2026,Partido Renovación Nacional,19° Distrito
5196,Maria Jose Gatica Bertin,1,1984-04-15,,,Senado,Senado,2022,2030,Partido Renovación Nacional,12ª Circunscripción
5274,Maria Luisa Cordero Velasquez,1,1943-01-23,,,C.Diputados,C. Diputados,2022,2026,,10° Distrito
5254,Felix Bugueno Sotelo,1,1973-05-18,,,C.Diputados,C. Diputados,2022,2026,Partido Frente Amplio,16° Distrito
5234,Miguel Becker Alvear,1,1960-10-07,,,C.Diputados,C. Diputados,2022,2026,Partido Renovación Nacional,23er Distrito
4554,Felix Gonzalez Gatica,1,1972-05-26,,,C.Diputados,C. Diputados,2022,2026,Partido Ecologista Verde,20º Distrito
5261,Mercedes Bulnes Nunez,1,1950-06-06,,,C.Diputados,C. Diputados,2022,2026,Partido Frente Amplio,17° Distrito
5214,Mauro Gonzalez Villaroel,1,1985-05-25,,,C.Diputados,C. Diputados,2022,2026,Partido Renovación Nacional,26° Distrito
4622,Gael Yeomans Araya,1,1988-12-04,,,C.Diputados,C. Diputados,2022,2026,Partido Frente Amplio,13er Distrito
5226,Mauricio Ojeda Rebolledo,1,1982-01-19,,,C.Diputados,C. Diputados,2022,2026,,23er Distrito
3735,Matias Walker Prieto,1,1973-07-19,,,Senado,Senado,2022,2030,Partido Demócratas Chile,5ª Circunscripción
1894,Gaspar Rivas Sanchez,1,1978-05-17,,,C.Diputados,C. Diputados,2022,2026,,6° Distrito
5187,Matias Ramirez Pascal,1,1984-11-14,,,C.Diputados,C. Diputados,2022,2026,Partido Comunista de Chile,2° Distrito
4601,Gaston Saavedra Chandia,1,1955-11-22,,,Senado,Senado,2022,2030,Partido Socialista de Chile,10ª Circunscripción
4600,Francesca Munoz Gonzalez,1,1980-03-01,,,C.Diputados,C.Diputados,2022,2026,Partido Social Cristiano,20° Distrito
5262,Marta Bravo Salinas,1,1976-02-25,,,C.Diputados,C. Diputados,2022,2026,Unión Demócrata Independiente,19° Distrito
5256,Marlene Perez Cartes,1,1973-05-10,,,C.Diputados,C. Diputados,2022,2026,,20° Distrito
5244,Flor Weisse Novoa,1,1960-03-27,,,C.Diputados,C. Diputados,2022,2026,Unión Demócrata Independiente,21° Distrito
5184,Enrique Lee Flores,1,1967-12-16,,,C.Diputados,C. Diputados,2022,2026,,1er Distrito
2128,Enrique Van Rysselberghe Herrera,1,1976-09-17,,,Senado,Senado,2022,2030,Partido Unión Demócrata Independiente,10ª Circunscripción
5303,Paulina Vodanovic Rojas,1,1971-09-20,,,Senado,Senado,2018,2026,Partido Socialista de Chile,9ª Circunscripción
4542,Paulina Nunez Urrutia,1,1982-12-30,,,Senado,Senado,2022,2030,Renovación Nacional,3a Circunscripción
5269,Paula Labra Besserer,1,1987-05-04,,,C.Diputados,C. Diputados,2022,2026,,18° Distrito
5253,Eric Aedo Jeldres,1,1968-07-13,,,C.Diputados,C. Diputados,2022,2026,Partido Demócrata Cristiano,20° Distrito
5225,Ericka Nanco Vasquez,1,1992-03-20,,,C.Diputados,C. Diputados,2022,2026,Partido Frente Amplio,23er Distrito
4621,Erika Olivera De La Fuente,1,1976-01-04,,,C.Diputados,C. Diputados,2022,2026,Partido Demócratas Chile,9º Distrito
5198,Marco Sulantay Olivares,1,1973-03-31,,,C.Diputados,C. Diputados,2022,2026,Partido Unión Demócrata Independiente,5° Distrito
4583,Patricio Rosas Barrientos,1,1968-05-06,,,C.Diputados,C. Diputados,2022,2026,Partido Frente Amplio,24º Distrito
4564,Hugo Rey Martinez,1,1973-12-06,,,C.Diputados,C. Diputados,2022,2026,Partido Renovación Nacional,17 ° Distrito
4609,Marcos Ilabaca Cerda,1,1970-10-05,,,C.Diputados,C. Diputados,2022,2026,Partido Socialista de Chile,24º Distrito
5220,Hotuiti Teao Drago,1,1977-08-01,,,C.Diputados,C. Diputados,2022,2026,,7° Distrito
4599,Esteban Velasquez Nunez,1,1962-12-26,,,Senado,Senado,2022,2030,Federación Regionalista Verde Social,3a Circunscripción
4628,Pamela Jiles Moreno,1,1960-11-30,,,C.Diputados,C. Diputados,2022,2026,Partido Humanista,12° Distrito
5207,Hernan Palma Perez,1,1958-11-03,,,C.Diputados,C. Diputados,2022,2026,,12° Distrito
5195,Fabiola Campillai Rojas,1,1983-05-17,,,Senado,Senado,2022,2030,,7ª Circunscripción
5233,Henry Leal Bizama,1,1972-09-16,,,C.Diputados,C. Diputados,2022,2026,Partido Unión Demócrata Independiente,23er Distrito
5275,Helia Molina Milman,1,1947-04-02,,,C.Diputados,C. Diputados,2022,2026,Partido Por la Democracia,10° Distrito
4603,Harry Jurgensen Rundshagen,1,1968-09-03,,,C.Diputados,C. Diputados,2022,2026,,25º Distrito
5260,Felipe Camano Cardenas,1,1991-08-21,,,C.Diputados,C. Diputados,2022,2026,,19° Distrito
5257,Felipe Donoso Castro,1,1982-12-12,,,C.Diputados,C. Diputados,2022,2026,Partido Unión Demócrata Independiente,17° Distrito
4030,Felipe Kast Sommerhoff,1,1977-06-09,,,Senado,Senado,2018,2026,Partido Evolución Política (Evópoli),11° Circunscripción
4623,Gustavo Sanhueza Duenas,1,1966-12-10,,,Senado,Senado,2022,2030,Partido Unión Demócrata Independiente,16ª Circunscripción
5213,Fernando Borquez Montecinos,1,1968-06-06,,,C.Diputados,C. Diputados,2022,2026,Unión Demócrata Independiente,26° Distrito
5270,Gustavo Benavente Vergara,1,1966-08-13,,,C.Diputados,C. Diputados,2022,2026,Partido Unión Demócrata Independiente,18° Distrito
4570,Guillermo Ramirez Diez,1,1979-04-16,,,C.Diputados,C. Diputados,2022,2026,Partido Unión Demócrata Independiente,11° Distrito
1438,Fidel Espinoza Sandoval,1,1970-01-24,,,Senado,Senado,2022,2030,Partido Socialista de Chile,13ª Circunscripción
4578,Marisela Santibanez Novoa,1,1975-04-24,,,C.Diputados,C. Diputados,2022,2026,,14° Distrito
4567,Jorge Duran Espinoza,1,1980-12-17,,,C.Diputados,C. Diputados,2022,2026,Partido Renovación Nacional,9º Distrito
1482,Gaston Von Muhlenbrock Zamora,1,1954-12-26,,,C.Diputados,C. Diputados,2022,2026,Partido Unión Demócrata Independiente,24° Distrito
4546,Andres Celis Montt,1,1975-04-08,,,C.Diputados,C. Diputados,2022,2026,Partido Renovación Nacional,7º Distrito
5211,Ana Maria Gazmuri Vieira,1,1966-01-22,,,C.Diputados,C. Diputados,2022,2026,Partido Acción Humanista,12° Distrito
5222,Tomas De Rementeria Venegas,1,1987-03-17,,,C.Diputados,C. Diputados,2022,2026,,7° Distrito
2861,Sergio Bobadilla Munoz,1,1958-03-25,,,C.Diputados,C. Diputados,2022,2026,Partido Unión Demócrata Independiente,20° Distrito
5199,Victor Pino Fuentes,1,1974-12-08,,,C.Diputados,C. Diputados,2022,2026,Partido Demócratas Chile,5° Distrito
5259,Benjamin Moreno Bascur,1,1993-04-02,,,C.Diputados,C. Diputados,2022,2026,Partido Republicano de Chile,17° Distrito
5227,Juan Irarrazaval Rossel,1,1983-06-23,,,C.Diputados,C. Diputados,2022,2026,Partido Republicano de Chile,14° Distrito
4523,Leonardo Soto Ferrada,1,1966-05-15,,,C.Diputados,C. Diputados,2022,2026,Partido Socialista de Chile,14° Distrito
4619,Jorge Soria Quiroga,1,1936-11-01,,,Senado,Senado,2018,2026,Partido Por la Democracia,2ª Circunscripción
4608,Leonidas Romero Saez,1,1955-10-15,,,C.Diputados,C. Diputados,2022,2026,,20º Distrito
5223,Ana Bravo Castro,1,1973-12-03,,,C.Diputados,C. Diputados,2022,2026,Partido Socialista de Chile,24° Distrito
4528,Bernardo Berger Fett,1,1946-10-04,,,C.Diputados,C. Diputados,2022,2026,,24° Distrito
4606,Juan Ignacio Latorre Riveros,1,1978-03-24,,,Senado,Senado,2018,2026,Partido Frente Amplio,6ª Circunscripción
5236,Jorge Saffirio Espinoza,1,1953-06-09,,,C.Diputados,C. Diputados,2022,2026,,22° Distrito
5191,Sebastian Videla Castillo,1,1986-04-29,,,C.Diputados,C. Diputados,2022,2026,,3er Distrito
2717,Alejandra Sepulveda Orbenes,1,1965-11-13,,,Senado,Senado,2022,2030,,8ª Circunscripción
4560,Boris Barrera Moreno,1,1970-05-03,,,C.Diputados,C. Diputados,2022,2026,Partido Comunista de Chile,9º Distrito
5267,Alejandra Placencia Cabello,1,1978-02-14,,,C.Diputados,C. Diputados,2022,2026,Partido Comunista de Chile,10° Distrito
5197,Alejandro Kusanovic Glusevic ,1,1960-12-16,,,Senado,Senado,2022,2030,,15ª Circunscripción
3399,Juan Luis Castro Gonzalez,1,1960-04-18,,,Senado,C. Diputados,2022,2026,Partido Social Cristiano,20º Distrito
3399,Juan Luis Castro Gonzalez,1,1980-03-07,,,C.Diputados,C. Diputados,2022,2026,Partido Social Cristiano,20º Distrito
4594,Camila Flores Oporto,1,1987-02-09,,,C.Diputados,C. Diputados,2022,2026,Partido Renovación Nacional,6º Distrito
4141,Jose Miguel Insulza Salinas,1,1943-06-02,,,Senado,Senado,2018,2026,Partido Socialista de Chile,1ª Circunscripción
4531,Vlado Mirosevic Verdugo,1,1987-05-23,,,C.Diputados,C. Diputados,2022,2026,Partido Liberal de Chile,1er. Distrito
1925,Alfonso De Urresti Longton,1,1966-03-07,,,Senado,Senado,2022,2030,Partido Socialista de Chile,12ª Circunscripción
279,Jose Gilberto Garcia Ruminot,1,1955-05-22,,,Senado,Senado,2018,2026,Partido Renovación Nacional,11ª Circunscripción
4579,Sofia Cid Versalovic,1,1971-09-29,,,C.Diputados,C. Diputados,2022,2026,Partido Renovación Nacional,4º Distrito
4624,Juan Santana Castillo,1,1989-09-20,,,C.Diputados,C. Diputados,2022,2026,Partido Socialista de Chile,4º Distrito
5229,Stephan Schubert Rubio,1,1977-12-19,,,C.Diputados,C. Diputados,2022,2026,,23er Distrito
5248,Viviana Delgado Riquelme,1,1973-09-04,,,C.Diputados,C. Diputados,2022,2026,,8° Distrito
4545,Alexis Sepulveda Soto,1,1969-12-29,,,C.Diputados,C. Diputados,2022,2026,Partido Radical Socialdemócrata,17° Distrito
4581,Jose Miguel Castro Bascunan,1,1974-08-05,,,C.Diputados,C. Diputados,2022,2026,Partido Renovación Nacional,3er Distrito
5272,Jose Carlos Meza Pereira,1,1989-03-07,,,C.Diputados,C. Diputados,2022,2026,Partido Republicano de Chile,9° Distrito
5242,Karen Medina Vasquez,1,1982-05-10,,,C.Diputados,C. Diputados,2022,2026,,21° Distrito
4605,Karim Bianchi Retamales,1,1983-01-31,,,Senado,Senado,2022,2030,,15ª Circunscripción
4634,Jose Miguel Durana Semir,1,1960-06-27,,,Senado,Senado,2018,2026,Partido Unión Demócrata Independiente,1ª Circunscripción
4520,Karol Cariola Oliva,1,1987-04-01,,,C.Diputados,C. Diputados,2022,2026,Partido Comunista de Chile,9° Distrito
4620,Kenneth Pugh Olavarria,1,1959-10-22,,,Senado,Senado,2018,2026,,6ª Circunscripción
4504,Sergio Gahona Salazar,1,1965-09-15,,,Senado,Senado,2022,2030,Unión Demócrata Independiente,5ª Circunscripción
4577,Sebastian Keitel Bianchi,1,1973-02-14,,,Senado,Senado,2022,2030,,10ª Circunscripción
4552,Alejandro Bernales Maldonado,1,1979-02-02,,,C.Diputados,C. Diputados,2022,2026,Partido Liberal de Chile,26º Distrito
5238,Camila Musante Muller,1,1990-02-06,,,C.Diputados,C. Diputados,2022,2026,,14° Distrito
5245,Alberto Undurraga Vicuna,1,1969-06-17,,,C.Diputados,C. Diputados,2022,2026,Partido Demócrata Cristiano,8° Distrito
5230,Luis Alberto Cuello Pena Y Lillo,1,1977-01-24,,,C.Diputados,C. Diputados,2022,2026,Partido Comunista de Chile,7° Distrito
4559,Andres Longton Herrera,1,1982-05-26,,,C.Diputados,C. Diputados,2022,2026,Partido Renovación Nacional,6º Distrito
1274,Carlos Bianchi Chelech,1,1960-11-04,,,C.Diputados,C. Diputados,2022,2026,,28° Distrito
5231,Andres Jouannet Valderrama,1,1967-07-29,,,C.Diputados,C. Diputados,2022,2026,Movimiento Amarillos por Chile,23er Distrito
4569,Luciano Cruz-Coke Carvallo,1,1970-07-01,,,Senado,Senado,2022,2030,Partido Evolución Política (Evópoli),7ª Circunscripción
4596,Camila Rojas Valderrama,1,1991-03-11,,,C.Diputados,C. Diputados,2022,2026,Partido Frente Amplio,7º Distrito
4632,Tomas Hirsch Goldschmidt,1,1956-07-19,,,C.Diputados,C. Diputados,2022,2026,Partido Acción Humanista,11° Distrito
4618,Ximena Ossandon Irarrazabal,1,1963-12-13,,,C.Diputados,C. Diputados,2022,2026,Partido Renovación Nacional,12° Distrito
5188,Yovana Ahumada Palma,1,1973-12-24,,,C.Diputados,C. Diputados,2022,2026,,3er Distrito
4539,Loreto Carvajal Ambiado,1,1973-05-18,,,Senado,Senado,2022,2030,Partido por la Democracia,16ª Circunscripción
5273,Andres Giordano Salazar,1,1986-12-29,,,C.Diputados,C. Diputados,2022,2026,Partido Frente Amplio,9° Distrito
4592,Ximena Ordenes Neira,1,1973-03-09,,,Senado,Senado,2018,2026,,14ª Circunscripción
2362,Ximena Cecilia Rincon Gonzalez,1,1967-07-05,,,Senado,Senado,2018,2026,,9ª Circunscripción
1778,Juan Antonio Coloma Correa,1,1956-07-15,,,Senado,Senado,2018,2026,Partido Unión Demócrata Independiente,9ª Circunscripción
4543,Juan Antonio Coloma Alamos,1,1980-03-14,,,C.Diputados,C. Diputados,2022,2026,Partido Unión Demócrata Independiente,14° Distrito
5221,Lorena Pizarro Sierra,1,1966-02-14,,,C.Diputados,C. Diputados,2022,2026,Partido Comunista de Chile,13er Distrito
5255,Jorge Guzman Zepeda,1,1985-06-11,,,C.Diputados,C. Diputados,2022,2026,Partido Evolución Política (Evópoli),17° Distrito
4588,Juan Enrique Castro Prieto,1,1959-11-01,,,Senado,Senado,2018,2026,Partido Social Cristiano,9ª Circunscripción
5258,Sara Concha Smith,1,1995-09-09,,,C.Diputados,C. Diputados,2022,2026,Partido Social Cristiano,19° Distrito
4506,Jorge Rathgeb Schifferli,1,1967-12-28,,,C.Diputados,C. Diputados,2022,2026,Partido Renovación Nacional,22° Distrito
4568,Juan Fuenzalida Cobo,1,1973-07-01,,,C.Diputados,C. Diputados,2022,2026,Partido Unión Demócrata Independiente,5º Distrito
5224,Tomas Lagomarsino Guzman,1,1990-07-13,,,C.Diputados,C. Diputados,2022,2026,,
5264,Lorena Fries Monleon,1,1960-04-01,,,C.Diputados,C. Diputados,2022,2026,Partido Frente Amplio,10° Distrito
4323,Yasna Provoste Campillay,1,1969-12-16,,,Senado,Senado,2018,2026,Partido Demócrata Cristiano,4ª Circunscripción
5250,Agustin Matias Romero Leiva,1,1975-01-03,,,C.Diputados,C. Diputados,2022,2026,Partido Republicano de Chile,8° Distrito
5249,Carla Morales Maldonado ,1,1977-10-27,,,C.Diputados,C. Diputados,2022,2026,Partido Renovación Nacional,16° Distrito
5237,Juan Beltran Silva,1,1962-12-19,,,C.Diputados,C. Diputados,2022,2026,Partido Renovación Nacional,22º Distrito
4558,Alvaro Carter Fernandez,1,1980-10-09,,,C.Diputados,C. Diputados,2022,2026,,12° Distrito
2822,Mario Francisco Duenas Avaria,0,,,,,,,,,
3607,Juan Rodriguez Nadruz,0,,,,,,,,,
3638,Mario Enrique Rios Santander,0,,,,,,,,,
2789,Mario Escobar Urbina,0,,,,,,,,,
161,Mario Fuenzalida Mandriaza,0,,,,,,,,,
1568,Mario Devaud Ojeda,0,,,,,,,,,
507,Marco Antonio Enriquez-Ominami Gumucio,0,,,,,,,,,
4214,Mario Desbordes Jimenez,0,,,,,,,,,
2868,Juan Segundo Checura Jeria,0,,,,,,,,,
2092,Marino Penna Miranda,0,,,,,,,,,
1190,Julio Alberto Mercado Illanes,0,,,,,,,,,
1717,Mariana Aylwin Oyarzun,0,,,,,,,,,
331,Marcos Aurelio Aburto Ochoa,0,,,,,,,,,
3557,Marcos Espinosa Monardes,0,,,,,,,,,
2826,Juan Valdes Rodriguez,0,,,,,,,,,
2847,Juan Tuma Masso,0,,,,,,,,,
2441,Margarita Paluz Rivas,0,,,,,,,,,
416,Mario Hamuy Berr,0,,,,,,,,,
544,Juan De Dios Carmona Peralta,0,,,,,,,,,
1762,Juana Dip Muhana,0,,,,,,,,,
1831,Marco Antonio Nunez Lozano,0,,,,,,,,,
86,Mario Bertolino Rendic,0,,,,,,,,,
1222,Mariano Bernales Urmeneta,0,,,,,,,,,
3498,Juan Segundo Pulgar Montoya,0,,,,,,,,,
2806,Mariano Guerrero ,0,,,,,,,,,
1068,Marina Prochelle Aguilar,0,,,,,,,,,
1344,Mario Alberto Acuna Cisternas,0,,,,,,,,,
1450,Julieta Campusano Chavez,0,,,,,,,,,
362,Mario Arnello Romo,0,,,,,,,,,
3177,Mario Arturo Mosquera Roa,0,,,,,,,,,
2605,Juan Pablo Letelier Morel,0,,,,,,,,,
3477,Luis Alfonso Ramirez De La Fuente,0,,,,,,,,,
2747,Mario Jaime Reyes Aroca,0,,,,,,,,,
1684,Juan Floreal Recabarren Rojas,0,,,,,,,,,
3021,Juan Lobos Krause,0,,,,,,,,,
2696,Juan Jose Bustos Ramirez,0,,,,,,,,,
2416,Maria Adela Maluenda Campos,0,,,,,,,,,
2849,Maria Angelica Cristi Marfil,0,,,,,,,,,
3145,Maria Antonieta Saa Diaz,0,,,,,,,,,
3808,Juan Hamilton Depassier,0,,,,,,,,,
745,Maria Elena Carrera Villavicencio,0,,,,,,,,,
3362,Maria Eugenia Mella Gajardo,0,,,,,,,,,
16,Juan Florencio Galleguillos Vera,0,,,,,,,,,
1525,Maria Ines Aguilera Castro,0,,,,,,,,,
1382,Martin Manterola Cantuarias,0,,,,,,,,,
3002,Maria Jose Hoffmann Opazo,0,,,,,,,,,
561,Juan Fernando Vargas Peralta,0,,,,,,,,,
2549,Juan Ernesto Penafiel Illanes,0,,,,,,,,,
368,Maria Pia Guzman Mena,0,,,,,,,,,
3370,Maria Rozas Velasquez,0,,,,,,,,,
2681,Maria Silvia Micaela Correa Marin,0,,,,,,,,,
2274,Maria Soledad Alvear Valenzuela,0,,,,,,,,,
2129,Juan Enrique Taladriz Garcia,0,,,,,,,,,
4507,Juan Enrique Morano Cornejo,0,,,,,,,,,
1428,Martin Manterola Urzua,0,,,,,,,,,
2028,Martin Andonaegui ,0,,,,,,,,,
1434,Mario Julio Torres Peralta,0,,,,,,,,,
3367,Mario Urrutia Gazmuri,0,,,,,,,,,
766,Mario Livio Hurtado Chacon,0,,,,,,,,,
431,Mario Marchant Binder,0,,,,,,,,,
2255,Mario Modesto Arancibia Cardenas,0,,,,,,,,,
2516,Juan Nunez Valenzuela,0,,,,,,,,,
413,Mario Palestro Rojas,0,,,,,,,,,
3651,Mario Papi Beyer,0,,,,,,,,,
3040,Mario Roberto Riquelme Munoz,0,,,,,,,,,
1510,Mario Rios Padilla,0,,,,,,,,,
1370,Mario Sharpe Carte,0,,,,,,,,,
1562,Mario Varela Herrera,0,,,,,,,,,
2249,Martita Elvira Worner Tapia,0,,,,,,,,,
3192,Mario Venegas Cardenas ,0,,,,,,,,,
455,Juan Montedonico Napoli,0,,,,,,,,,
1079,Juan Masferrer Pellizzari,0,,,,,,,,,
1050,Marisol Turres Figueroa,0,,,,,,,,,
3521,Juan Martinez Sepulveda,0,,,,,,,,,
1014,Julio Antonio Gaston Duran Neumann,0,,,,,,,,,
1563,Juan Luis Ossa Bulnes,0,,,,,,,,,
3107,Marta Eliana Isasi Barbieri,0,,,,,,,,,
1850,Juan Luis Mauras Novella,0,,,,,,,,,
4820,Juan Manuel Masferrer Vidal,0,,,,,,,,,
1083,Julio Canessa Robert,0,,,,,,,,,
2310,Marco Antonio Cariola Barroilhet,0,,,,,,,,,
4522,Luis Rocafull Lopez,0,,,,,,,,,
1575,Luis Osvaldo Escobar Astaburuaga,0,,,,,,,,,
1665,Leopoldo Segundo Ortega Rodriguez,0,,,,,,,,,
3893,Luis Osvaldo Maira Aguirre,0,,,,,,,,,
686,Leopoldo Perez Lahsen,0,,,,,,,,,
2057,Leopoldo Figari Forno,0,,,,,,,,,
3060,Luis Papic Ramos,0,,,,,,,,,
4625,Luis Pardo Sainz,0,,,,,,,,,
1557,Luis Pareto Gonzalez,0,,,,,,,,,
1678,Luis Ricardo Hormazabal Sanchez,0,,,,,,,,,
421,Leonardo Hagel Arredondo,0,,,,,,,,,
2638,Maria Victoria Ovalle Ovalle,0,,,,,,,,,
2403,Lautaro Vergara Osorio,0,,,,,,,,,
4574,Karin Luck Urban,0,,,,,,,,,
1588,Lautaro Carmona Soto,0,,,,,,,,,
573,Luis Uberlindo Espinoza Villalobos,0,,,,,,,,,
1998,Laureano Diaz ,0,,,,,,,,,
600,Luis Valdes Larrain,0,,,,,,,,,
1403,Laura Soto Gonzalez,0,,,,,,,,,
2054,Luis Valente Rossi,0,,,,,,,,,
954,Luis Valentin Ferrada Valenzuela,0,,,,,,,,,
1208,Laura Fiora Rodriguez Riccomini,0,,,,,,,,,
991,Luis Videla Salinas,0,,,,,,,,,
501,Laura Allende Gossens,0,,,,,,,,,
1189,Luzberto Enrique Pantoja Rubilar,0,,,,,,,,,
2071,Leopoldo Sanchez Grunert,0,,,,,,,,,
414,Luis Navarrete Carvacho,0,,,,,,,,,
732,Luis Monge Sanchez,0,,,,,,,,,
2682,Liborio Sanchez Cardenas,0,,,,,,,,,
2703,Luis Armando Minchel Balladares,0,,,,,,,,,
2939,Luis Bossay Leiva,0,,,,,,,,,
1166,Luis Alberto Quinteros Tricot,0,,,,,,,,,
2938,Luis Corvalan Lepe,0,,,,,,,,,
937,Luis Eduardo Undurraga Correa,0,,,,,,,,,
3241,Luis Engelberto Raimundo Frias Moran,0,,,,,,,,,
2875,Luis Enrique Tejeda Oliva,0,,,,,,,,,
3219,Luis Alberto Guastavino Cordova,0,,,,,,,,,
1583,Luis Ernesto Aguilera Baez,0,,,,,,,,,
3152,Luis Felipe Letelier Icaza,0,,,,,,,,,
677,Luis Fernando Luengo Escalona,0,,,,,,,,,
1891,Luis Alberto Gonzalez Olivares,0,,,,,,,,,
622,Luciano Vasquez Muruaga,0,,,,,,,,,
1387,Luis Ferrada Perez,0,,,,,,,,,
2859,Luis Gaston Lobos Barrientos,0,,,,,,,,,
1776,Luis Godoy Gomez,0,,,,,,,,,
904,Luis Gonzalez Canales,0,,,,,,,,,
2634,Luis Humberto Figueroa Mazuela,0,,,,,,,,,
1485,Luis Le Blanc Valenzuela,0,,,,,,,,,
2716,Luis Lemus Aracena,0,,,,,,,,,
2536,Luis M. Cardoso ,0,,,,,,,,,
1917,Lisandro Fuentealba Troncoso,0,,,,,,,,,
2581,Lily Perez San Martin,0,,,,,,,,,
3270,Karla Rubilar Barahona,0,,,,,,,,,
2657,Justo Munoz ,0,,,,,,,,,
852,Marcial Flores ,0,,,,,,,,,
4534,Marcela Hernando Perez,0,,,,,,,,,
184,Manuel Rioseco Vasquez,0,,,,,,,,,
3589,Manuel Roberto Montalba Vega,0,,,,,,,,,
3330,Manuel Rodriguez Huenuman,0,,,,,,,,,
3122,Manuel Rodriguez Rodriguez,0,,,,,,,,,
2640,Manuel Rojas Molina,0,,,,,,,,,
1721,Manuel Segundo Cantero Prado,0,,,,,,,,,
630,Manuel Valdes ,0,,,,,,,,,
2531,Manuel Valdes Solar,0,,,,,,,,,
3603,Manuel Vera Carcamo,0,,,,,,,,,
83,Marcela Cubillos Sigall,0,,,,,,,,,
3097,Julio Dittborn Cordua,0,,,,,,,,,
3514,Luis Antonio Fuentealba Medina,0,,,,,,,,,
903,Justo Garcia ,0,,,,,,,,,
1030,Julio Campos Avila,0,,,,,,,,,
2073,Marcela Sabat Fernandez,0,,,,,,,,,
4644,Marcela Sandoval Osorio,0,,,,,,,,,
3591,Marcelino Ruiz ,0,,,,,,,,,
4516,Marcelo Chavez Velasquez,0,,,,,,,,,
1833,Julio Bernardo Subercaseaux Barros,0,,,,,,,,,
730,Marcelo Diaz Diaz,0,,,,,,,,,
3848,Marcelo Forni Lobos,0,,,,,,,,,
3014,Marcelo Schilling Rodriguez,0,,,,,,,,,
2845,Marcelo Somarriva Undurraga,0,,,,,,,,,
1093,Julio Anibal Sepulveda Rondanelli,0,,,,,,,,,
3457,Manuel Rafael Senoret Lapsley,0,,,,,,,,,
1827,Manuel Monsalve Benavides,0,,,,,,,,,
2871,Julio Ernesto Von Muhlenbrock Lira,0,,,,,,,,,
3351,Julio Felipe Montt Momberg,0,,,,,,,,,
456,Julian Jarpa Caamano,0,,,,,,,,,
1966,Julian Abel Echavarri Elorza,0,,,,,,,,,
2262,Manuel Antonio Bustos Huerta,0,,,,,,,,,
812,Manuel Cerda Concha,0,,,,,,,,,
1540,Manuel De Ortuzar Ibanez,0,,,,,,,,,
1417,Julio Valenzuela ,0,,,,,,,,,
1853,Manuel Diez Garcia,0,,,,,,,,,
3134,Manuel Enrique Ferreira Guzman,0,,,,,,,,,
2300,Manuel Espinosa Jara,0,,,,,,,,,
1865,Julio Silva Solar,0,,,,,,,,,
110,Manuel Galilea Widmer,0,,,,,,,,,
2019,Manuel Garcia Banqueda,0,,,,,,,,,
24,Julio Rojos Astorga,0,,,,,,,,,
3843,Manuel Gonzalez ,0,,,,,,,,,
3455,Manuel Gonzalez Vilches,0,,,,,,,,,
887,Julio Rojas Rojas,0,,,,,,,,,
1468,Manuel Hurtado ,0,,,,,,,,,
578,Manuel Jesus Gallardo Paz,0,,,,,,,,,
2199,Manuel Jesus Gamboa Valenzuela,0,,,,,,,,,
1294,Manuel Jose Irarrazaval Larrain,0,,,,,,,,,
2537,Manuel Josias Eduardo Magalhaes Medling,0,,,,,,,,,
537,Julio Lagos Cosgrove,0,,,,,,,,,
3292,Manuel Matta Aragay,0,,,,,,,,,
546,Abel Segundo Jarpa Vallejos,0,,,,,,,,,
2103,Oscar Gaston Naranjo Arias,0,,,,,,,,,
3263,Matias Fernandez ,0,,,,,,,,,
617,Santiago Pereira Becerra,0,,,,,,,,,
1996,Ruben Gajardo Chacon,0,,,,,,,,,
3103,Ruben Hurtado O'Ryan,0,,,,,,,,,
4643,Ruben Moraga Mamani,0,,,,,,,,,
1424,Ruben Soto Gutierrez,0,,,,,,,,,
3027,Ruben Zapata Bravo,0,,,,,,,,,
665,Rufo Ruiz Esquide Espinoza,0,,,,,,,,,
488,Salomon Corbalan Gonzalez,0,,,,,,,,,
2435,Salvador Allende Gossens,0,,,,,,,,,
2357,Salvador Correa Larrain,0,,,,,,,,,
2278,Salvador Urrutia Cardenas,0,,,,,,,,,
2221,Samuel Ernesto Astorga Jorquera,0,,,,,,,,,
1718,Samuel Fuentes Andrades,0,,,,,,,,,
2960,Samuel Venegas Rubio,0,,,,,,,,,
4616,Sandra Amar Mancilla,0,,,,,,,,,
1061,Santiago Sinclair Oyaneder,0,,,,,,,,,
1470,Rene Manuel Garcia Garcia,0,,,,,,,,,
2072,Santiago Ureta Mackenna,0,,,,,,,,,
381,Santos Leoncio Medel Basualto,0,,,,,,,,,
404,Sebastian Pinera Echenique,0,,,,,,,,,
4631,Sebastian Torrealba Alvarado,0,,,,,,,,,
4587,Sebastian Alvarez Ramirez,0,,,,,,,,,
2500,Selim Carrasco Toledo,0,,,,,,,,,
3883,Sergio Aguilo Melo,0,,,,,,,,,
1822,Sergio Anfossi Munoz,0,,,,,,,,,
832,Sergio Ariel Merino Jarpa,0,,,,,,,,,
2125,Sergio Benedicto Elgueta Barrientos,0,,,,,,,,,
3141,Sergio Bitar Chacra,0,,,,,,,,,
2782,Sergio Correa De La Cerda,0,,,,,,,,,
2194,Sergio Eduardo De Praga Diez Urzua,0,,,,,,,,,
4332,Sergio Espejo Yaksic,0,,,,,,,,,
3780,Rosendo Huenuman Garcia,0,,,,,,,,,
3487,Rosauro Martinez Labbe,0,,,,,,,,,
3685,Rosa Gonzalez Roman,0,,,,,,,,,
1911,Ronald Mc Intyre Mendoza,0,,,,,,,,,
2321,Rene Tapia Salgado,0,,,,,,,,,
4586,Ricardo Celis Araya,0,,,,,,,,,
3252,Ricardo Cornejo ,0,,,,,,,,,
3900,Ricardo Fernando Tudela Barraza,0,,,,,,,,,
1933,Ricardo Ferrando Keun,0,,,,,,,,,
1287,Ricardo Martin Diaz,0,,,,,,,,,
124,Ricardo Navarrete Betanzo,0,,,,,,,,,
2645,Ricardo Nunez Munoz,0,,,,,,,,,
209,Ricardo Otto Weber Kunstmann,0,,,,,,,,,
3562,Ricardo Rincon Gonzalez,0,,,,,,,,,
528,Ricardo Undurraga Laso,0,,,,,,,,,
1139,Ricardo Valenzuela Saez,0,,,,,,,,,
1088,Roberto Delmastro Naso,0,,,,,,,,,
1860,Roberto Leon Ramirez,0,,,,,,,,,
972,Roberto Munoz Barra,0,,,,,,,,,
4517,Roberto Poblete Zapata,0,,,,,,,,,
1753,Roberto Sepulveda Hermosilla,0,,,,,,,,,
1902,Rodolfo Antonio Ramirez Valenzuela,0,,,,,,,,,
2324,Rodolfo Leon Lavin,0,,,,,,,,,
2525,Rodolfo Seguel Molina,0,,,,,,,,,
3322,Rodolfo Stange Oelckers,0,,,,,,,,,
258,Rodolfo Werner Inostroza,0,,,,,,,,,
1893,Rodrigo Gonzalez Torres,0,,,,,,,,,
1011,Rodrigo Alvarez Zenteno,0,,,,,,,,,
3431,Rolando Calderon Aranguiz,0,,,,,,,,,
4630,Rolando Renteria Moller,0,,,,,,,,,
3576,Rolando Rivas Fernandez,0,,,,,,,,,
2616,Romilio Gutierrez Pino,0,,,,,,,,,
3598,Romy Rebolledo Leyton,0,,,,,,,,,
1196,Sergio Fernandez Aguayo,0,,,,,,,,,
10,Sergio Fernandez Fernandez,0,,,,,,,,,
2133,Sergio Hernan Sepulveda Garces,0,,,,,,,,,
494,Vicente Enrique Huerta Celis,0,,,,,,,,,
2101,Vilma Eliana Rojas Alfaro,0,,,,,,,,,
4580,Virginia Troncoso Hellman,0,,,,,,,,,
1226,Vladimir Anselmo Sule Candia,0,,,,,,,,,
3388,Vladislav Kuzmicic Calderon,0,,,,,,,,,
1617,Volodia Teitelboim Volosky,0,,,,,,,,,
625,Victor Barberis Yori,0,,,,,,,,,
3775,Victor Barrueto ,0,,,,,,,,,
2769,Victor Benito Contreras Tapia,0,,,,,,,,,
466,Victor Emerson Gonzalez Maertens,0,,,,,,,,,
2646,Victor Galleguillos Clett,0,,,,,,,,,
513,Victor Hernan Carmine Zuniga,0,,,,,,,,,
1938,Victor Jaramillo ,0,,,,,,,,,
3112,Victor Joaquin Garcia Garzena,0,,,,,,,,,
2044,Victor Manuel Flores Castelli,0,,,,,,,,,
3127,Victor Manuel Rebolledo Gonzalez,0,,,,,,,,,
963,Victor Perez Varela,0,,,,,,,,,
3203,Victor Reyes Alvarado,0,,,,,,,,,
1999,Victor Sbarbaro Campos,0,,,,,,,,,
1950,Victor Torres Jeldes,0,,,,,,,,,
1677,Waldo Mora Longa,0,,,,,,,,,
1625,William Turpin Thayer Arteaga,0,,,,,,,,,
447,Wilna Yolanda Saavedra Cortes,0,,,,,,,,,
2803,Wladimir Lenin Chavez Rodriguez,0,,,,,,,,,
3196,Ximena Valcarce Becerra,0,,,,,,,,,
1580,Ximena Vidal Lazaro,0,,,,,,,,,
3609,Zarko Luksic Sandoval,0,,,,,,,,,
4584,Alvaro Elizalde Soto,0,,,,,,,,,
516,Alvaro Escobar Rufatt,0,,,,,,,,,
533,Angel Faivovich Hitzcovich,0,,,,,,,,,
874,Vicente Karelovic Vrandecic,0,,,,,,,,,
3133,Vicente Atencio Cortes,0,,,,,,,,,
2561,Sergio Jara Catalan,0,,,,,,,,,
12,Vicente Agustin Sota Barros,0,,,,,,,,,
1964,Sergio Mariano Ruiz Esquide Jara,0,,,,,,,,,
482,Sergio Morales Morales,0,,,,,,,,,
1876,Sergio Ojeda Doren,0,,,,,,,,,
1175,Sergio Ojeda Uribe,0,,,,,,,,,
3870,Sergio Onofre Jarpa Reyes,0,,,,,,,,,
3518,Sergio Pizarro Mackay,0,,,,,,,,,
2048,Sergio Paez Verdugo,0,,,,,,,,,
443,Sergio Romero Pizarro,0,,,,,,,,,
2832,Sergio Saavedra Viollier,0,,,,,,,,,
3865,Sergio Velasco De La Cerda,0,,,,,,,,,
276,Silvia Alessandri Montes,0,,,,,,,,,
1686,Silvia Costa Espinoza,0,,,,,,,,,
1131,Silvia Emiliana Pinto Torres,0,,,,,,,,,
624,Silvia Victoria Araya Gonzalez,0,,,,,,,,,
206,Silvio Rodriguez Villalobos,0,,,,,,,,,
1838,Telesforo Mario Barahona Ceballos,0,,,,,,,,,
2102,Teodoro Ribera Neumann,0,,,,,,,,,
2733,Tolentino Perez Soto,0,,,,,,,,,
1224,Tomas Chadwick Valdes,0,,,,,,,,,
519,Tomas Edison Irribarra De La Torre,0,,,,,,,,,
2505,Tomas Enrique Solis Nova,0,,,,,,,,,
4641,Tomas Fuentes Barros,0,,,,,,,,,
522,Tomas Jocelyn Holt Letelier,0,,,,,,,,,
3539,Tomas Pablo Elorza,0,,,,,,,,,
3635,Tucapel Jimenez Fuentes,0,,,,,,,,,
3728,Tulio Renan Fuentealba Moena,0,,,,,,,,,
7,Ulises Correa Correa,0,,,,,,,,,
3779,Valentin Solis Cabezas,0,,,,,,,,,
1631,Venancio Conuepan Huenchual,0,,,,,,,,,
122,Rene Saffirio Espinoza,0,,,,,,,,,
227,Rene Benedicto Leon Echaiz,0,,,,,,,,,
835,Maximiano Errazuriz Eguiguren,0,,,,,,,,,
2879,Osvaldo Temer Oyarzun,0,,,,,,,,,
2589,Orlando Severo Vargas Pizarro,0,,,,,,,,,
697,Oscar Alfredo Naranjo Jara,0,,,,,,,,,
3380,Oscar Gajardo Villarroel,0,,,,,,,,,
1121,Juan Efrain Ojeda Ojeda,0,,,,,,,,,
3365,Oscar Guillermo Garreton Purcell,0,,,,,,,,,
1188,Oscar Juan Edgardo Schleyer Springmuller,0,,,,,,,,,
2971,Oscar Marin Socias,0,,,,,,,,,
970,Oscar Moya Munoz,0,,,,,,,,,
3184,Oscar Rodulfo Gonzalez Robles,0,,,,,,,,,
3643,Osvaldo Andrade Lara,0,,,,,,,,,
464,Osvaldo Basso Carvajal,0,,,,,,,,,
3581,Osvaldo Giannini Iniguez,0,,,,,,,,,
599,Osvaldo Opelio Olguin Zapata,0,,,,,,,,,
3371,Osvaldo Palma Flores,0,,,,,,,,,
4511,Osvaldo Urrutia Soto,0,,,,,,,,,
933,Rene Aurelio Jerez Contreras,0,,,,,,,,,
3817,Osvaldo Vega Vera,0,,,,,,,,,
2298,Pabla Toledo Obando,0,,,,,,,,,
3079,Pablo Fernando Rosselot Jaramillo,0,,,,,,,,,
3178,Pablo Galilea Carrillo,0,,,,,,,,,
4627,Pablo Kast Sommerhoff,0,,,,,,,,,
1900,Pablo Longueira Montes,0,,,,,,,,,
1001,Pablo Lorenzini Basso,0,,,,,,,,,
864,Pablo Prieto Lorca,0,,,,,,,,,
1290,Pablo Silva ,0,,,,,,,,,
4573,Pablo Vidal Rojas,0,,,,,,,,,
2751,Pacifico Encina Romero,0,,,,,,,,,
4646,Patricia Rubio Escobar,0,,,,,,,,,
2840,Patricio Alejandro Hales Dib,0,,,,,,,,,
3123,Patricio Aylwin Azocar,0,,,,,,,,,
2867,Orlando Octavio Poblete Gonzalez,0,,,,,,,,,
1313,Orlando Del Fierro Demartini,0,,,,,,,,,
611,Orel Viciani Escker,0,,,,,,,,,
3279,Olga Feliu Segovia,0,,,,,,,,,
3342,Maximiano Errazuriz Valdes,0,,,,,,,,,
4508,Maya Fernandez Allende,0,,,,,,,,,
566,Miguel Adolfo Zaldivar Larrain,0,,,,,,,,,
4582,Miguel Crispi Serrano,0,,,,,,,,,
740,Miguel Eduardo Jarpa Vallejos,0,,,,,,,,,
2091,Miguel Hernandez Saffirio,0,,,,,,,,,
2050,Miguel Luis Amunategui Johnson,0,,,,,,,,,
2208,Miguel Luis Lagos Lagos,0,,,,,,,,,
4544,Miguel Angel Alvarado Ramirez,0,,,,,,,,,
2812,Milenko Vilicic Karnincic,0,,,,,,,,,
349,Miodrag Arturo Marinovic Solo De Zaldivar,0,,,,,,,,,
1553,Mireya Baltra Moreno,0,,,,,,,,,
1173,Maximo Pacheco Gomez,0,,,,,,,,,
1937,Maximo Venegas Sepulveda,0,,,,,,,,,
246,Monica Beatriz Zalaquett Said,0,,,,,,,,,
18,Narciso Irureta Aburto,0,,,,,,,,,
4626,Natalia Castillo Munoz,0,,,,,,,,,
662,Nelson Jaime Avila Contreras,0,,,,,,,,,
3386,Nicanor Allende Urrutia,0,,,,,,,,,
344,Nicanor Araya De La Cruz,0,,,,,,,,,
3838,Nicolas Diaz Sanchez,0,,,,,,,,,
428,Nicolas Monckeberg Diaz,0,,,,,,,,,
1899,Nicolas Naranjo Palacios,0,,,,,,,,,
4612,Nicolas Noman Garrido,0,,,,,,,,,
2053,Nicolas Rojas ,0,,,,,,,,,
899,Nino Baltolu Rasera,0,,,,,,,,,
4640,Nora Cuevas Contreras,0,,,,,,,,,
1284,Nestor Jofre Nunez,0,,,,,,,,,
2292,Octavio Jara Wolff,0,,,,,,,,,
3395,Patricio Bryan Mekis Spikin,0,,,,,,,,,
526,Patricio Calderon ,0,,,,,,,,,
3404,Patricio Cornejo Vidaurrazaga,0,,,,,,,,,
3799,Rafael De La Rosa ,0,,,,,,,,,
78,Rafael Roberto Tarud Siwady,0,,,,,,,,,
934,Ramon Augusto Silva Ulloa,0,,,,,,,,,
923,Ramon Barros Luco,0,,,,,,,,,
3625,Ramon Barros Montero,0,,,,,,,,,
2490,Ramon Elizalde Hevia,0,,,,,,,,,
2163,Ramon Errazuriz Errazurriz,0,,,,,,,,,
2993,Ramon Farias Ponce,0,,,,,,,,,
4575,Ramon Galleguillos Castillo,0,,,,,,,,,
3587,Ramon Rozas Rozas,0,,,,,,,,,
3745,Ramon Segundo Perez Opazo,0,,,,,,,,,
1462,Ramon Segundo Subercaseaux ,0,,,,,,,,,
1859,Ramon Vega Hidalgo,0,,,,,,,,,
2968,Raul Armando Barrionuevo Barrionuevo,0,,,,,,,,,
2243,Raul Eduardo Gormaz Molina,0,,,,,,,,,
1151,Raul Galvarino Ampuero Diaz,0,,,,,,,,,
1378,Raul Hernan Brucher Encina,0,,,,,,,,,
2108,Raul Hernan Morales Adriasola,0,,,,,,,,,
3815,Raul Herrera Herrera,0,,,,,,,,,
2348,Raul Juliet Gomez,0,,,,,,,,,
3139,Raul Marin Balmaceda,0,,,,,,,,,
4533,Raul Saldivar Auger,0,,,,,,,,,
345,Raul Sanchez Banados,0,,,,,,,,,
1399,Raul Sunico Galdames,0,,,,,,,,,
2689,Raul Urrutia Avila,0,,,,,,,,,
3764,Renato Emilio De La Jara Parada,0,,,,,,,,,
4615,Renato Garin Gonzalez,0,,,,,,,,,
1405,Renato Ludwig Laemmermann Monsalves,0,,,,,,,,,
629,Renato Valenzuela Labbe,0,,,,,,,,,
2555,Rene Aedo Ormeno,0,,,,,,,,,
3660,Rafael Otero Echeverria,0,,,,,,,,,
371,Rafael De La Presa Casanueva,0,,,,,,,,,
2896,Patricio Hurtado Pereira,0,,,,,,,,,
1975,Rafael Arratia Valdebenito,0,,,,,,,,,
504,Patricio Melero Abaroa,0,,,,,,,,,
1944,Patricio Phillips Penafiel,0,,,,,,,,,
3449,Patricio Vallespin Lopez,0,,,,,,,,,
802,Patricio Walker Prieto,0,,,,,,,,,
376,Paul Aldunate Phillips,0,,,,,,,,,
994,Pedro Alvarez-Salamanca Ramirez,0,,,,,,,,,
1710,Pedro Antonio Acuna ,0,,,,,,,,,
363,Pedro Antonio Jauregui Castro,0,,,,,,,,,
2064,Pedro Arnoldo Urra Veloso,0,,,,,,,,,
1763,Pedro Browne Urrejola,0,,,,,,,,,
1834,Pedro Crispino Stark Troncoso,0,,,,,,,,,
809,Pedro Felipe Ramirez Ceballos,0,,,,,,,,,
2497,Pedro Hector Alvarado Paez,0,,,,,,,,,
66,Pedro Hector Munoz Aburto,0,,,,,,,,,
2591,Pedro Ibanez Ojeda,0,,,,,,,,,
941,Pedro Munoz Rojas,0,,,,,,,,,
467,Pedro Nolasco Del Carmen Videla Riquelme,0,,,,,,,,,
1877,Pedro Nolasco Muga Gonzalez,0,,,,,,,,,
3440,Pedro Opitz Velasquez,0,,,,,,,,,
3831,Pedro Pablo Araya Ortiz,0,,,,,,,,,
451,Pedro Pablo Benavides ,0,,,,,,,,,
1616,Pedro Pablo Alvarez Salamanca Buchi,0,,,,,,,,,
1433,Pedro Ramirez ,0,,,,,,,,,
137,Pedro Vargas ,0,,,,,,,,,
1942,Pedro Velasquez Seguel,0,,,,,,,,,
1390,Pepe Auth Stewart,0,,,,,,,,,
4519,Rabindranath Quinteros Lara,0,,,,,,,,,
256,Rafael  Agustin Gumucio Vives,0,,,,,,,,,
3414,Rafael Adolfo Moreno Rojas,0,,,,,,,,,
1119,Juan Emeterio Martinez Camps,0,,,,,,,,,
2231,Jose Antonio Kast Rist,0,,,,,,,,,
1126,Juan Concha Urbina,0,,,,,,,,,
2848,Edgardo Barrueto Reeves,0,,,,,,,,,
1752,Cesar Ruiz Danyau,0,,,,,,,,,
4505,Daniel Farcas Guendelman,0,,,,,,,,,
1493,Daniel Salinas Munoz,0,,,,,,,,,
4614,Daniel Verdessi Belemmi,0,,,,,,,,,
445,Dario Molina Sanhueza,0,,,,,,,,,
3675,Dario Paya Mira,0,,,,,,,,,
1835,David Marzan ,0,,,,,,,,,
2464,Denise Pascal Allende,0,,,,,,,,,
2698,Diego A. Guzman ,0,,,,,,,,,
4515,Diego Paulsen Kehr,0,,,,,,,,,
2641,Dionisio Ventura Faulbaum Mayorga,0,,,,,,,,,
921,Domingo Alberto Alfredo Cuadra Gazmuri,0,,,,,,,,,
285,Domingo Claps Gallo,0,,,,,,,,,
1316,Duberildo Jaque Araneda,0,,,,,,,,,
2070,Edgardo Boeninger Kausel,0,,,,,,,,,
1007,Cesar Godoy Urrutia,0,,,,,,,,,
1409,Edgardo Riveros Marin,0,,,,,,,,,
920,Edgardo Rolando Schmauk Schaeffer,0,,,,,,,,,
1116,Edmundo Eluchans Malherbe,0,,,,,,,,,
3473,Edmundo Eluchans Urenda,0,,,,,,,,,
3006,Edmundo Salas De La  Fuente,0,,,,,,,,,
2180,Edmundo Salinas Claveria,0,,,,,,,,,
3602,Edmundo Villouta Concha,0,,,,,,,,,
1841,Eduardo Alessandri Rodriguez,0,,,,,,,,,
318,Eduardo Antonio Cerda Garcia,0,,,,,,,,,
3108,Eduardo Diaz Del Rio,0,,,,,,,,,
3185,Eduardo Francisco Contreras Mella,0,,,,,,,,,
2273,Eduardo Frei Montalva,0,,,,,,,,,
3080,Eduardo Frei Ruiz-Tagle,0,,,,,,,,,
3839,Eduardo Germain Koening,0,,,,,,,,,
1700,Cesar Raul Fuentes Venegas,0,,,,,,,,,
857,Cesar Augusto Parra Munoz,0,,,,,,,,,
3534,Fernando Raimundo Buzeta Gonzalez,0,,,,,,,,,
1619,Claudia Nogueira Fernandez,0,,,,,,,,,
1333,Carlos Smok Ubeda,0,,,,,,,,,
854,Carlos Sivori Alzerreca,0,,,,,,,,,
2684,Carlos Urrutia Rozas,0,,,,,,,,,
2052,Carlos Valcarce Medina,0,,,,,,,,,
2287,Carlos Villalobos Sepulveda,0,,,,,,,,,
139,Carmen Frei Ruiz Tagle,0,,,,,,,,,
1459,Carmen Ibanez Soto,0,,,,,,,,,
3896,Carmen Lazo Carrera,0,,,,,,,,,
1706,Carolina Goic Boroevic,0,,,,,,,,,
1812,Carolina Toha Morales,0,,,,,,,,,
3369,Celso Morales Munoz,0,,,,,,,,,
1643,Cesareo Juvenal Castillo Michea,0,,,,,,,,,
4532,Christian Urizar Munoz,0,,,,,,,,,
2156,Cipriano Agustin Pontigo Urrutia,0,,,,,,,,,
1,Claudio Alvarado Andrade,0,,,,,,,,,
3039,Cristian Monckeberg Bruner,0,,,,,,,,,
4518,Claudio Arriagada Macaya,0,,,,,,,,,
2996,Claudio Fernando Cancino Tellez,0,,,,,,,,,
1404,Claudio Humberto Huepe Garcia,0,,,,,,,,,
1649,Claudio Orrego Vicuna,0,,,,,,,,,
1574,Claudio Rodriguez Cataldo,0,,,,,,,,,
1219,Clemente Fuentealba Caamano,0,,,,,,,,,
2797,Clemira Pacheco Rivas,0,,,,,,,,,
3050,Clodomiro Almeyda Medina,0,,,,,,,,,
3796,Constantino Nicanor Suarez Gonzalez,0,,,,,,,,,
2529,Cristian Antonio Leay Moran,0,,,,,,,,,
1343,Cristian Pareto Vergara,0,,,,,,,,,
2356,Cristina Girardi Lavin,0,,,,,,,,,
770,Cristian Campos Jara,0,,,,,,,,,
856,Cristian Letelier Aguilar,0,,,,,,,,,
2654,Eduardo Jorge Clavel Amion,0,,,,,,,,,
1663,Eduardo Julio Magno Sepulveda Munoz,0,,,,,,,,,
1726,Eduardo King Caldichoury,0,,,,,,,,,
1949,Federico Mekis Martinez,0,,,,,,,,,
1997,Esteban Valenzuela Van Treek,0,,,,,,,,,
2904,Eugenio Bauer Jouanne,0,,,,,,,,,
3007,Eugenio Cantuarias Larrondo,0,,,,,,,,,
3335,Eugenio Munizaga Rodriguez,0,,,,,,,,,
1220,Eugenio Ortega Riquelme,0,,,,,,,,,
1305,Eugenio Ortuzar Latapiat,0,,,,,,,,,
1745,Eugenio Tuma Zedan,0,,,,,,,,,
3020,Evaldo Klein Doerner,0,,,,,,,,,
53,Evelyn Matthei Fornet,0,,,,,,,,,
2623,Exequiel Gonzalez Madariaga,0,,,,,,,,,
181,Exequiel Silva Ortiz,0,,,,,,,,,
1795,Fanny Pollarolo Villa,0,,,,,,,,,
1930,Fanor Velasco Salamo,0,,,,,,,,,
3375,Federico Bucher Weibel,0,,,,,,,,,
785,Federico Ringeling Hunger,0,,,,,,,,,
3811,Eduardo Lagos Herrera,0,,,,,,,,,
3142,Felipe Balbontin Rodriguez-Brito,0,,,,,,,,,
4529,Felipe De Mussy Hiriart,0,,,,,,,,,
862,Felipe Harboe Bascunan,0,,,,,,,,,
2395,Felipe Letelier Norambuena,0,,,,,,,,,
3486,Felipe Salaberry Soto,0,,,,,,,,,
3485,Felipe Valenzuela Herrera,0,,,,,,,,,
75,Felipe Ward Edwards,0,,,,,,,,,
2140,Fermin Fierro Luengo,0,,,,,,,,,
2154,Fernando Alessandri Rodriguez,0,,,,,,,,,
1821,Fernando Cordero Rusque,0,,,,,,,,,
3501,Fernando Humberto Andres Sanhueza Herbage,0,,,,,,,,,
2542,Fernando Maturana Erbetta,0,,,,,,,,,
3138,Fernando Meza Moncada,0,,,,,,,,,
32,Fernando Ochagavia Valdes,0,,,,,,,,,
3552,Esteban Romero Sandoval,0,,,,,,,,,
2074,Esteban Leyton Soto,0,,,,,,,,,
3541,Esteban Iturra Pacheco,0,,,,,,,,,
1184,Erwin Arturo Frei Bolivar,0,,,,,,,,,
1176,Eduardo Octavio Koenig Carrillo,0,,,,,,,,,
2986,Eduardo Saffirio Suarez,0,,,,,,,,,
64,Eduardo Sepulveda Whittle,0,,,,,,,,,
1147,Egidio Jara ,0,,,,,,,,,
1312,Eliana Aranibar Figueroa,0,,,,,,,,,
965,Eliana Caraball Martinez,0,,,,,,,,,
3847,Emilio Lorenzini Gratwohl,0,,,,,,,,,
25,Emilio Molina Pincheira,0,,,,,,,,,
4016,Ena Von Baer Jahn,0,,,,,,,,,
2200,Enrique Accorsi Opazo,0,,,,,,,,,
2762,Enrique Augusto Ignacio Edwards Orrego,0,,,,,,,,,
2967,Enrique Curti Cannobio,0,,,,,,,,,
1494,Enrique Estay Penaloza,0,,,,,,,,,
1723,Enrique Fulner ,0,,,,,,,,,
2039,Enrique Gana Munizaga,0,,,,,,,,,
627,Enrique Jaramillo Becker,0,,,,,,,,,
3137,Enrique Krauss Rusque,0,,,,,,,,,
2481,Enrique Larre Asenjo,0,,,,,,,,,
3167,Enrique Silva Cimma,0,,,,,,,,,
580,Enrique Van Rysselberghe Varela,0,,,,,,,,,
1866,Enrique Zorrilla Concha,0,,,,,,,,,
3269,Enrique Zurita Camps,0,,,,,,,,,
2851,Erick Villegas Gonzalez,0,,,,,,,,,
361,Ernesto Barros Jarpa,0,,,,,,,,,
936,Ernesto Corvalan Sanchez,0,,,,,,,,,
1303,Ernesto Guajardo Gomez,0,,,,,,,,,
1074,Ernesto Segundo Araneda Briones,0,,,,,,,,,
826,Ernesto Silva Mendez,0,,,,,,,,,
590,Ernesto Silva Roman,0,,,,,,,,,
4,Carlos Santiago Avendano Ortuzar,0,,,,,,,,,
2454,Carlos Roberto Martinez Martinez,0,,,,,,,,,
782,Carlos Roberto Letelier Bobadilla,0,,,,,,,,,
2743,Andres Aylwin Azocar,0,,,,,,,,,
2584,Alfredo Macario Lorca Valencia,0,,,,,,,,,
1839,Alonso Zumaeta Faune,0,,,,,,,,,
1425,Alvaro Erick Schnake Silva,0,,,,,,,,,
2858,Amanda Elisa Altamirano Guerrero,0,,,,,,,,,
4556,Amaro Labra Sepulveda,0,,,,,,,,,
2099,Amelia Herrera Silva,0,,,,,,,,,
616,Americo Arturo Acuna Rosas,0,,,,,,,,,
3130,Ana Eugenia Ugalde Arias,0,,,,,,,,,
3382,Ana Maria Rodriguez Rodriguez,0,,,,,,,,,
1283,Anatolio Salinas Navarro,0,,,,,,,,,
1252,Andrea Molina Oliva,0,,,,,,,,,
4547,Andrea Parra Sauterel,0,,,,,,,,,
2056,Andres Allamand Zavala,0,,,,,,,,,
902,Andres Antonio Egana Respaldiza,0,,,,,,,,,
2021,Andres Chadwick Pinera,0,,,,,,,,,
1145,Antonio Segundo Ruiz Paredes,0,,,,,,,,,
4557,Andres Molina Magofke,0,,,,,,,,,
3438,Andres Olivares ,0,,,,,,,,,
1165,Andres Palma Irarrazaval,0,,,,,,,,,
171,Andres Segundo Sepulveda Carmona,0,,,,,,,,,
1976,Andres Sotomayor Mardones,0,,,,,,,,,
2035,Andres Zaldivar Larrain,0,,,,,,,,,
3049,Aniceto Rodriguez Arenas,0,,,,,,,,,
1636,Anselmo Del Rosario Quezada Quezada,0,,,,,,,,,
2058,Antonella Sciaraffia Estrada,0,,,,,,,,,
315,Antonio Del Alcazar ,0,,,,,,,,,
2855,Antonio Damaso Del Rio ,0,,,,,,,,,
882,Antonio Elias Tavolari Vasquez,0,,,,,,,,,
325,Antonio Horvath Kiss,0,,,,,,,,,
372,Antonio Leal Labrin,0,,,,,,,,,
3765,Alfonso Vargas Lyng,0,,,,,,,,,
1517,Alfonso Suarez Obiol,0,,,,,,,,,
3538,Alfonso Ansieta Nunez,0,,,,,,,,,
5280,Alexis Cortes Morales,0,,,,,,,,,
2600,Adriana Munoz D' Albora,0,,,,,,,,,
3259,Agustin Acuna Mendez,0,,,,,,,,,
2846,Alamiro Esteban Sainz Argomaniz,0,,,,,,,,,
1586,Alberto Baltra Cortes,0,,,,,,,,,
1916,Alberto Cooper Valencia,0,,,,,,,,,
3472,Alberto Decombe Edwards,0,,,,,,,,,
2566,Alberto Espina Otero,0,,,,,,,,,
2453,Alberto Eugenio Cardemil Herrera,0,,,,,,,,,
1954,Alberto Jaramillo Borquez,0,,,,,,,,,
3615,Alberto Javier Rafael Zaldivar Larrain,0,,,,,,,,,
1629,Alberto Jorge Jerez Horta,0,,,,,,,,,
2683,Alberto Naudon Abarca,0,,,,,,,,,
2228,Alberto Robles Pantoja,0,,,,,,,,,
3851,Alberto Tercero Daiber Etcheberry,0,,,,,,,,,
997,Albino Barra Villalobos,0,,,,,,,,,
1714,Aldo Cornejo Gonzalez,0,,,,,,,,,
5285,Alejandra Krauss Valle,0,,,,,,,,,
2468,Alejandro Bell Jara,0,,,,,,,,,
3407,Alejandro Enrique Toro Herrera,0,,,,,,,,,
2571,Alejandro Garcia-Huidobro Sanfuentes,0,,,,,,,,,
4512,Alejandro Guillier Alvarez,0,,,,,,,,,
2502,Alejandro Hales Jamarne,0,,,,,,,,,
1432,Alejandro Jiliberto Zepeda,0,,,,,,,,,
498,Alejandro Miguel Sule Fernandez,0,,,,,,,,,
3688,Alejandro Navarro Brain,0,,,,,,,,,
2836,Alejandro Noemi Huerta,0,,,,,,,,,
167,Alejandro Santana Tirachini,0,,,,,,,,,
68,Alejandro Tomas Foxley Rioseco,0,,,,,,,,,
2628,Alejandro Victor Manuel Rojas Wainer,0,,,,,,,,,
2094,Antonio Orpis Birchmeier,0,,,,,,,,,
2360,Anibal Juan Esteban Scarella Calandroni,0,,,,,,,,,
303,Carlos Recondo Lavanderos,0,,,,,,,,,
703,Carlos Demarchi Kempowsky,0,,,,,,,,,
2718,Carlos Abel Jarpa Wevar,0,,,,,,,,,
845,Carlos Alfredo Vilches Guzman,0,,,,,,,,,
957,Carlos Altamirano Orrego,0,,,,,,,,,
3686,Carlos Andrade Vera,0,,,,,,,,,
606,Carlos Anibal Larrain Pena,0,,,,,,,,,
618,Carlos Arturo Garces Fernandez,0,,,,,,,,,
3859,Carlos Arturo Rosales Gutierrez,0,,,,,,,,,
2908,Carlos Augusto Vial Espantoso,0,,,,,,,,,
2721,Carlos Bombal Otaegui,0,,,,,,,,,
2905,Carlos Caminondo Saez,0,,,,,,,,,
337,Carlos Cantero Ojeda,0,,,,,,,,,
2886,Carlos Contreras Labarca,0,,,,,,,,,
793,Carlos Cortes Silva,0,,,,,,,,,
2419,Carlos Del Rio ,0,,,,,,,,,
485,Carlos Dupre Silva,0,,,,,,,,,
1336,Anibal Perez Lobos,0,,,,,,,,,
673,Carlos Fernando Flores Labra,0,,,,,,,,,
979,Carlos Gonzalez Jaksic,0,,,,,,,,,
2003,Carlos Gonzalez Marquez,0,,,,,,,,,
2379,Carlos Hernan Bosselin Correa,0,,,,,,,,,
728,Carlos Hidalgo Gonzalez,0,,,,,,,,,
3573,Carlos Leon Palma,0,,,,,,,,,
1907,Carlos Lorca Tobar,0,,,,,,,,,
3537,Carlos Luis Gonzalez Utreras,0,,,,,,,,,
1667,Carlos Montes Cisternas,0,,,,,,,,,
797,Carlos Morales Abarzua,0,,,,,,,,,
3787,Carlos Munoz Horz,0,,,,,,,,,
3055,Carlos Olivares Zepeda,0,,,,,,,,,
2457,Carlos Ominami Pascual,0,,,,,,,,,
3510,Carlos Orlando Cerda Aguilera,0,,,,,,,,,
4639,Camilo Moran Bahamondes,0,,,,,,,,,
2146,Camilo Escalona Medina,0,,,,,,,,,
2428,Camilo Armando Salvo Inostroza,0,,,,,,,,,
4538,Camila Vallejo Dowling,0,,,,,,,,,
4595,Aracely Leuquen Uribe,0,,,,,,,,,
2461,Armando Arancibia Calderon,0,,,,,,,,,
1042,Armando Barrientos Miranda,0,,,,,,,,,
935,Armando Hernandez ,0,,,,,,,,,
453,Armando Holzapfel Alvarez,0,,,,,,,,,
682,Armando Jose Domingo Jaramillo Lyon,0,,,,,,,,,
1223,Armando Montes Velasco,0,,,,,,,,,
1531,Arturo Alessandri Besa,0,,,,,,,,,
2545,Arturo Carvajal Acuna,0,,,,,,,,,
1115,Arturo Longton Guerrero,0,,,,,,,,,
2283,Arturo Perez Palavecino,0,,,,,,,,,
2413,Arturo Squella Ovalle,0,,,,,,,,,
2701,Arturo Valdes Phillips,0,,,,,,,,,
3349,Augusto Pinochet Ugarte,0,,,,,,,,,
3474,Baldemar Carrasco Munoz,0,,,,,,,,,
2017,Baldo Prokurica Prokurica,0,,,,,,,,,
705,Belarmino Elgueta Becker,0,,,,,,,,,
23,Beltran Urenda Zegers,0,,,,,,,,,
3295,Benjamin Lavin Matta,0,,,,,,,,,
2218,Benjamin Prado Casas,0,,,,,,,,,
769,Bernardino Segundo Guerra Cofre,0,,,,,,,,,
3287,Bernardo Araya Zuleta,0,,,,,,,,,
2234,Bernardo Larrain Vial,0,,,,,,,,,
1454,Bernardo Leighton Guzman,0,,,,,,,,,
5284,Bettina Horst Von Thadden,0,,,,,,,,,
1499,Blanca Adelina Retamal Contreras,0,,,,,,,,,
3531,Blas Bellolio Zappettini,0,,,,,,,,,
3867,Boris Tapia Martinez,0,,,,,,,,,
549,Bruno Guillermo Siebert Held,0,,,,,,,,,
3772,Fernando Otto Schott Scheuch,0,,,,,,,,,
2556,Fernando Romero Vasquez,0,,,,,,,,,
427,Juan Carlos Latorre Carmona,0,,,,,,,,,
2813,Jorge Eduardo Osorio Pardo,0,,,,,,,,,
1640,Joaquin Walker Larrain,0,,,,,,,,,
2881,Joel Rosales Guzman,0,,,,,,,,,
3242,Joel Segundo Marambio Paez,0,,,,,,,,,
2346,Jonas Gomez Gallo,0,,,,,,,,,
2002,Jorge Adolfo Saelzer Balde,0,,,,,,,,,
2841,Jorge Alessandri Rodriguez,0,,,,,,,,,
1178,Jorge Antonio Montes Moraga,0,,,,,,,,,
3197,Jorge Aravena Carrasco,0,,,,,,,,,
2062,Jorge Aspee Rodriguez,0,,,,,,,,,
1578,Jorge Burgos Varela,0,,,,,,,,,
2944,Jorge Cabello Pizarro,0,,,,,,,,,
3187,Jorge Cvitanic Simunovic,0,,,,,,,,,
3277,Jorge Domingo Godoy Matte,0,,,,,,,,,
3405,Jorge Eduardo Ibanez Vergara,0,,,,,,,,,
119,Jorge Exequiel Lavandero Illanes,0,,,,,,,,,
3447,Joaquin Segundo Morales Abarzua,0,,,,,,,,,
758,Jorge Gonzalez Von Marees,0,,,,,,,,,
1154,Jorge Insunza Becker,0,,,,,,,,,
2805,Jorge Insunza Gregorio De Las Heras,0,,,,,,,,,
173,Jorge Ivan Hubner Gallo,0,,,,,,,,,
2270,Jorge Lavandero Eyzaguirre,0,,,,,,,,,
2678,Jorge Martinez Busch,0,,,,,,,,,
82,Jorge Mauricio Riesco Errazuriz,0,,,,,,,,,
3874,Jorge Miguel Otero Lathrop,0,,,,,,,,,
1268,Jorge Molina Valdivieso,0,,,,,,,,,
3704,Jorge Morales Adriasola,0,,,,,,,,,
2425,Jorge Patricio Arancibia Reyes,0,,,,,,,,,
218,Jorge Pizarro Soto,0,,,,,,,,,
2664,Jorge Prieto Echaurren,0,,,,,,,,,
168,Jorge Sabag Villalobos,0,,,,,,,,,
2928,Joaquin Tuma Zedan,0,,,,,,,,,
3374,Joaquin Palma Irarrazaval,0,,,,,,,,,
1602,Fernando Santiago Agurto Ramirez,0,,,,,,,,,
4526,Jaime Bellolio Avaria,0,,,,,,,,,
3397,Issa Kort Garriga,0,,,,,,,,,
2459,Ivan De La Maza Maillet,0,,,,,,,,,
1458,Ivan Eliseo Quintana Miranda,0,,,,,,,,,
4525,Ivan Fuentes Castillo,0,,,,,,,,,
3381,Ivan Mesias Lehu,0,,,,,,,,,
3360,Ivan Norambuena Farias,0,,,,,,,,,
2020,Ivan Paredes Fierro,0,,,,,,,,,
2686,Ivan Urzua Ahumada,0,,,,,,,,,
3429,Jacinto Leon Lavin,0,,,,,,,,,
410,Jacinto Vasquez ,0,,,,,,,,,
2359,Jacobo Schaulsohn Numhauser,0,,,,,,,,,
4514,Jacqueline Van Rysselberghe,0,,,,,,,,,
5279,Jaime Arancibia Mattar,0,,,,,,,,,
1071,Jaime Barros Perez Cotapos,0,,,,,,,,,
2601,Jaime Bulnes Sanfuentes,0,,,,,,,,,
2100,Joaquin Godoy Ibanez,0,,,,,,,,,
1810,Jaime Campos Quiroga,0,,,,,,,,,
2320,Jaime Concha Baranao,0,,,,,,,,,
1159,Jaime Enrique Jimenez Villavicencio,0,,,,,,,,,
491,Jaime Estevez Valencia,0,,,,,,,,,
1819,Jaime Gazmuri Mujica,0,,,,,,,,,
2436,Jaime Guzman Errazuriz,0,,,,,,,,,
2927,Jaime Leon Suarez Bastidas,0,,,,,,,,,
637,Jaime Orpis Bouchon,0,,,,,,,,,
4527,Jaime Pilowsky Greene,0,,,,,,,,,
2398,Jaime Rocha Manrique,0,,,,,,,,,
4096,Jaime Toha Gonzalez,0,,,,,,,,,
3251,Javier Hernandez Hernandez,0,,,,,,,,,
74,Jenaro Lisboa Huerta,0,,,,,,,,,
4509,Jenny Alvarez Vera,0,,,,,,,,,
2835,Jorge Sabat Gozalo,0,,,,,,,,,
640,Jorge Santibanez Ceardi,0,,,,,,,,,
195,Jorge Schaulsohn Brodsky,0,,,,,,,,,
2935,Jose Ruiz De Giorgio,0,,,,,,,,,
1248,Jose Maria Hurtado Ruiz Tagle,0,,,,,,,,,
1927,Jose Maria Lorca ,0,,,,,,,,,
1112,Jose Matias Nunez Malhue,0,,,,,,,,,
322,Jose Miguel Barriga Castro,0,,,,,,,,,
44,Jose Miguel Bascunan ,0,,,,,,,,,
2383,Jose Miguel Huerta Munoz,0,,,,,,,,,
1209,Jose Miguel Ortiz Novoa,0,,,,,,,,,
1689,Jose Orlando Millas Correa,0,,,,,,,,,
3062,Jose Oyarzun Decouvieres,0,,,,,,,,,
3574,Jose Pedro Guzman Alvarez,0,,,,,,,,,
1772,Jose Pena Meza,0,,,,,,,,,
2315,Jose Placido Musalem Saffie,0,,,,,,,,,
2399,Jose Perez Arriagada,0,,,,,,,,,
1984,Jose Ricardo Monares Gomez,0,,,,,,,,,
699,Jose Tomas Camus Foncea,0,,,,,,,,,
3302,Jorge Soria Macchiavello,0,,,,,,,,,
3389,Jose Tomas Gallo Goyenechea,0,,,,,,,,,
1694,Jose Tomas Reyes Vicuna,0,,,,,,,,,
1135,Jose Urrutia ,0,,,,,,,,,
3858,Jovino Novoa Vidal,0,,,,,,,,,
2093,Jovino Novoa Vasquez,0,,,,,,,,,
3567,Juan Acevedo Pavez,0,,,,,,,,,
720,Juan Akin Soto Morales,0,,,,,,,,,
3013,Juan Alberto Garcia Romero,0,,,,,,,,,
3394,Juan Alberto Perez Munoz,0,,,,,,,,,
2574,Juan Antonio Molina ,0,,,,,,,,,
3696,Juan Bautista Bustos Valenzuela,0,,,,,,,,,
2775,Juan Bautista Segundo Argandona Cortes,0,,,,,,,,,
506,Juan Bosco Hugo Parra Alderete,0,,,,,,,,,
2870,Juan Canessa Oneto,0,,,,,,,,,
304,Jose Maria Hurtado Baquedano,0,,,,,,,,,
919,Jose Maria Garcia ,0,,,,,,,,,
317,Jose Manuel Rafael Tagle Valdes,0,,,,,,,,,
2794,Jose Manuel Olaguer Feliu Y Rogells,0,,,,,,,,,
1734,Jorge Tarud Daccarett,0,,,,,,,,,
2635,Jorge Ulloa Aguillon,0,,,,,,,,,
155,Jorge Urzua Urzua,0,,,,,,,,,
500,Jose Antonio Galilea Vidaurre,0,,,,,,,,,
1634,Jose Alfonso Rodriguez Del Rio,0,,,,,,,,,
1311,Jose Amar Amar,0,,,,,,,,,
1026,Jose Andres Aravena Cabezas,0,,,,,,,,,
958,Jose Antonio Aspee ,0,,,,,,,,,
2864,Jose Antonio Foncea Aedo,0,,,,,,,,,
2332,Jose Antonio Francino ,0,,,,,,,,,
2804,Jose Antonio Gomez Urrutia,0,,,,,,,,,
1049,Adonis Ramon Sepulveda Acuna,0,,,,,,,,,
3250,Jose Antonio Ramirez ,0,,,,,,,,,
2469,Jose Antonio Viera Gallo Quesney,0,,,,,,,,,
1701,Jose Candelario Ortiz ,0,,,,,,,,,
2667,Jose Domingo Escorza Olmos,0,,,,,,,,,
1786,Jose Francisco Encina Moriamez,0,,,,,,,,,
2510,Jose Felix Garay Figueroa,0,,,,,,,,,
3465,Jose Garcia Gonzalez,0,,,,,,,,,
2000,Jose Gregorio Eguiguren Amunategui,0,,,,,,,,,
2227,Jose Hugo Rosende Subiabre,0,,,,,,,,,
3202,Jose Ignacio Palma Vicuna,0,,,,,,,,,
1729,Jose Ignacio Urrutia Arcos,0,,,,,,,,,
2472,Jose Luis Cademartori Invernizzi,0,,,,,,,,,
2104,Jose Luis Gonzalez Rodriguez,0,,,,,,,,,
671,Jose Luis Martin Mardones,0,,,,,,,,,
2134,Jose Makluf Campos,0,,,,,,,,,
3313,Jose Manuel Hurtado ,0,,,,,,,,,
1946,Jose Manuel Isla Hevia,0,,,,,,,,,
384,Ismael Pereira Lyon,0,,,,,,,,,
2562,Isidoro Toha Gonzalez,0,,,,,,,,,
2284,Isauro Torres Cereceda,0,,,,,,,,,
2034,Gilberto Canales Canales,0,,,,,,,,,
2644,Felix Santiago Gajardo Peillard,0,,,,,,,,,
1777,Gabriel Ascencio Mansilla,0,,,,,,,,,
4536,Gabriel Boric Font,0,,,,,,,,,
2248,Gabriel De La Fuente Cortes,0,,,,,,,,,
2787,Gabriel Silber Romo,0,,,,,,,,,
160,Gabriel Valdes Subercaseaux,0,,,,,,,,,
1664,Galvarino Melo Paez,0,,,,,,,,,
3788,Gaspar Mora ,0,,,,,,,,,
1882,Gaston Dario Da Bove Olave,0,,,,,,,,,
2518,Gerardo Espinoza Carrillo,0,,,,,,,,,
212,German Becker Alvear,0,,,,,,,,,
2610,German Becker Baechler,0,,,,,,,,,
1443,German Miguel Juan Riesco Zanartu,0,,,,,,,,,
3446,German Verdugo Soto,0,,,,,,,,,
4541,Giorgio Jackson Drago,0,,,,,,,,,
1961,Guido Girardi Lavin,0,,,,,,,,,
996,Giovanni Oscar Calderon Bassi,0,,,,,,,,,
1005,Gladys Del Carmen Marin Millie,0,,,,,,,,,
690,Gonzalo Arenas Hodar,0,,,,,,,,,
2934,Gonzalo Duarte Leiva,0,,,,,,,,,
4535,Gonzalo Fuenzalida Figueroa,0,,,,,,,,,
1296,Gonzalo Ibanez Santa Maria,0,,,,,,,,,
1487,Gonzalo Uriarte Herrera,0,,,,,,,,,
3766,Gonzalo Yuseff Sotomayor,0,,,,,,,,,
3471,Graciela Lacoste Navarro,0,,,,,,,,,
3832,Gregorio Amunategui Jordan,0,,,,,,,,,
2012,Gregorio Letelier ,0,,,,,,,,,
1655,Gregorio Moreno ,0,,,,,,,,,
1373,Gregorio Rene Garcia Sabugal,0,,,,,,,,,
2795,Guido Castilla Hernandez,0,,,,,,,,,
819,Felix Ernesto Iglesias Cortes,0,,,,,,,,,
2312,Fulvio Rossi Ciocca,0,,,,,,,,,
3356,Fuad Chahin Valenzuela,0,,,,,,,,,
3037,Fritz Hillmann Suarez,0,,,,,,,,,
355,Fernando Sotomayor Garcia,0,,,,,,,,,
3877,Fernando Urizar ,0,,,,,,,,,
788,Fidelma Allende Miranda,0,,,,,,,,,
5293,Flavio Quezada Rodriguez,0,,,,,,,,,
4613,Florcita Alarcon Rojas,0,,,,,,,,,
2328,Florencio Duran Bernales,0,,,,,,,,,
3291,Fortunato Venegas ,0,,,,,,,,,
2085,Francisco Alejandro Roberto Wachholtz Araya,0,,,,,,,,,
3293,Francisco Antonio Encina Armanet,0,,,,,,,,,
3054,Francisco Bartolucci Johnston,0,,,,,,,,,
3580,Francisco Bulnes Sanfuentes,0,,,,,,,,,
3568,Francisco Barcena ,0,,,,,,,,,
1590,Francisco Carvallo Elizalde,0,,,,,,,,,
4555,Francisco Eguiguren Correa,0,,,,,,,,,
2802,Francisco Fuenzalida ,0,,,,,,,,,
2639,Francisco Javier Errazuriz Talavera,0,,,,,,,,,
3273,Francisco Javier Labbe Labbe,0,,,,,,,,,
492,Francisco Javier Lira Merino,0,,,,,,,,,
2853,Francisco Javier Munoz Pizarro,0,,,,,,,,,
2952,Francisco Leandro Bayo Veloso,0,,,,,,,,,
3789,Francisco Osorio ,0,,,,,,,,,
490,Francisco Prado ,0,,,,,,,,,
1751,Francisco Prat Alemparte,0,,,,,,,,,
2127,Francisco Ramon Undurraga Vicuna,0,,,,,,,,,
3724,Francisco Renan Fuentealba Vildosola,0,,,,,,,,,
199,Francisco Rogelio De La Fuente Gaete,0,,,,,,,,,
461,Francisco Sepulveda Gutierrez,0,,,,,,,,,
96,Francisco Sotomayor ,0,,,,,,,,,
1298,Francisco De Borja Eguiguren Urrejola,0,,,,,,,,,
420,Guido Girardi Briere,0,,,,,,,,,
3732,Guillermo Ceroni Fuentes,0,,,,,,,,,
655,Isaac Florencio Baltazar Castro Palma,0,,,,,,,,,
859,Hector Leonidas Lehuede Alvarado,0,,,,,,,,,
722,Hugo Orlando Robles Robles,0,,,,,,,,,
2514,Hugo Ortiz De Filippi,0,,,,,,,,,
3359,Hugo Rodriguez Guerrero,0,,,,,,,,,
2449,Hugo Zepeda Coll,0,,,,,,,,,
3706,Hugo Alamos Vasquez,0,,,,,,,,,
2097,Humberto Aguirre Doolan,0,,,,,,,,,
2032,Humberto Del Rio Gundian,0,,,,,,,,,
1051,Humberto Enriquez Frodden,0,,,,,,,,,
1963,Humberto Manuel Palza Corvacho,0,,,,,,,,,
1806,Humberto Martones Morales,0,,,,,,,,,
1332,Humberto Parada Berger,0,,,,,,,,,
3024,Humberto Alvarez Suarez,0,,,,,,,,,
330,Hector Castro Castro,0,,,,,,,,,
3319,Hector Enrique Campos Perez,0,,,,,,,,,
2760,Hector Luis Olivares Solis,0,,,,,,,,,
213,Guillermo Chadwick Ortuzar,0,,,,,,,,,
196,Hector Rios Rios,0,,,,,,,,,
92,Hector Tellez Schwerter,0,,,,,,,,,
2220,Hector Valenzuela Valderrama,0,,,,,,,,,
861,Hector Zambrano Opazo,0,,,,,,,,,
3200,Ignacio Arturo Prado Benitez,0,,,,,,,,,
2947,Ignacio Balbontin Arteaga,0,,,,,,,,,
2658,Ignacio Molina ,0,,,,,,,,,
1596,Ignacio Perez Walker,0,,,,,,,,,
3201,Ignacio Urrutia Bonilla,0,,,,,,,,,
1039,Ignacio Urrutia Manzano,0,,,,,,,,,
3186,Ignacio Urrutia Rozas,0,,,,,,,,,
1495,Ignacio Urrutia De La Sotta,0,,,,,,,,,
3336,Ignacio Walker Prieto,0,,,,,,,,,
3579,Ines Leonor Enriquez Frodden,0,,,,,,,,,
2358,Hugo Miranda Ramirez,0,,,,,,,,,
3516,Hugo Gutierrez Galvez,0,,,,,,,,,
1648,Hugo Eugenio Ballesteros Reyes,0,,,,,,,,,
828,Hosain Sabag Castillo,0,,,,,,,,,
395,Guillermo Donoso Vergara,0,,,,,,,,,
1550,Guillermo Munoz Zuniga,0,,,,,,,,,
3463,Guillermo Paulino Izquierdo Araya,0,,,,,,,,,
3163,Guillermo Ramirez Sanz,0,,,,,,,,,
2172,Guillermo Renato Gaona Acuna,0,,,,,,,,,
302,Guillermo Teillier Del Valle,0,,,,,,,,,
1720,Guillermo Vasquez Ubeda,0,,,,,,,,,
777,Guillermo Yunge Bustamante,0,,,,,,,,,
2302,Gustavo Alessandri Balmaceda,0,,,,,,,,,
1792,Gustavo Alessandri Valdes,0,,,,,,,,,
3059,Gustavo Cardemil Alfaro,0,,,,,,,,,
3102,Gustavo Hasbun Selume,0,,,,,,,,,
635,Gustavo Lorca Rojas,0,,,,,,,,,
2177,Gustavo Loyola Vasquez,0,,,,,,,,,
2181,Gustavo Monckeberg Barros,0,,,,,,,,,
3533,Gustavo Ramirez Vergara,0,,,,,,,,,
1319,Gutenberg Martinez Ocamica,0,,,,,,,,,
2485,Hardy Rene Oscar Momberg Roa,0,,,,,,,,,
2958,Haroldo Fossa Rojas,0,,,,,,,,,
3834,Harry Jurgensen Caesar,0,,,,,,,,,
2563,Hermes Ahumada Pacheco,0,,,,,,,,,
2247,Hermogenes Labbe Labbe,0,,,,,,,,,
907,Hermogenes Perez De Arce Ibieta,0,,,,,,,,,
993,Hernan Alfredo Leigh Guzman,0,,,,,,,,,
2008,Hernan Larrain Fernandez,0,,,,,,,,,
2007,Hernan Modesto Olave Verdugo,0,,,,,,,,,
278,Hernan Rojo Avendano,0,,,,,,,,,
1185,Hernan Vodanovic Schnake,0,,,,,,,,,
205,Homero Gutierrez Roman,0,,,,,,,,,
3894,Angel Fantuzzi Hernandez,0,,,,,,,,,
